key,name_in_text,first_chapter,n_uses,used_as,kind,node_indices,parent_key,leg,along,n_candidates,why,confirmed,corrected_kind,corrected_node_indices,corrected_parent_key,corrected_leg,corrected_along,note
"""city""",“City”,1,1,mentioned:1,unknown,,,,,0,not on the route and not in route_places.json — needs a human,,,,,,,
"""mongolia""",“Mongolia”,8,12,on_stage:10 visited:2,unknown,,,,,0,not on the route and not in route_places.json — needs a human,,,,,,,
'mongolia',‘Mongolia’,7,2,on_stage:1 visited:1,unknown,,,,,0,not on the route and not in route_places.json — needs a human,,,,,,,
aden,Aden,6,5,mentioned:1 on_stage:3 visited:1,waypoint,,,1,0.5,0,the Mongolia coals there between Suez and Bombay,,,,,,,
africa,Africa,8,1,mentioned:1,unknown,,,,,0,not on the route and not in route_places.json — needs a human,,,,,,,
agra,Agra,10,1,mentioned:1,unknown,,,,,0,not on the route and not in route_places.json — needs a human,,,,,,,
ahmehnagara,Ahmehnagara,14,1,mentioned:1,unknown,,,,,0,not on the route and not in route_places.json — needs a human,,,,,,,
allahabad,Allahabad,3,17,mentioned:4 on_stage:12 visited:1,waypoint,,,2,0.5,0,"where the railway's famous gap begins, between Bombay and Calcutta",,,,,,,
america,America,3,1,mentioned:1,off_route,,,,,0,"a continent; the route stops at San Francisco and New York, not at America",,,,,,,
american lakes,American lakes,1,1,mentioned:1,off_route,,,,,0,a geographic feature named in a simile about Fogg's calm,,,,,,,
arabic gulf,Arabic Gulf,9,1,mentioned:1,unknown,,,,,0,not on the route and not in route_places.json — needs a human,,,,,,,
asia,Asia,6,2,mentioned:2,unknown,,,,,0,not on the route and not in route_places.json — needs a human,,,,,,,
assurghur,Assurghur,11,1,visited:1,unknown,,,,,0,not on the route and not in route_places.json — needs a human,,,,,,,
atlantic,Atlantic,6,1,mentioned:1,unknown,,,,,0,not on the route and not in route_places.json — needs a human,,,,,,,
aurungabad,Aurungabad,11,1,mentioned:1,unknown,,,,,0,not on the route and not in route_places.json — needs a human,,,,,,,
bab-el-mandeb,Bab-el-Mandeb,9,1,visited:1,unknown,,,,,0,not on the route and not in route_places.json — needs a human,,,,,,,
bank of england,Bank of England,3,2,mentioned:2,off_route,,,,,0,"an institution, named as the robbery's scene — never a position",,,,,,,
behar,Behar,14,1,visited:1,unknown,,,,,0,not on the route and not in route_places.json — needs a human,,,,,,,
benares,Benares,9,7,mentioned:3 on_stage:3 visited:1,unknown,,,,,0,not on the route and not in route_places.json — needs a human,,,,,,,
bengal,Bengal,10,2,mentioned:1 visited:1,unknown,,,,,0,not on the route and not in route_places.json — needs a human,,,,,,,
birmingham,Birmingham,14,1,mentioned:1,unknown,,,,,0,not on the route and not in route_places.json — needs a human,,,,,,,
black town,“black town”,15,1,visited:1,unknown,,,,,0,not on the route and not in route_places.json — needs a human,,,,,,,
bombay,Bombay,3,18,mentioned:8 on_stage:7 visited:3,node,2,,,,1,names route node 2,,,,,,,
brindisi,Brindisi,3,4,mentioned:4,waypoint,,,0,0.6,0,"ditto — the second of the table's two named waypoints, in its printed order",,,,,,,
british india,British India,10,1,mentioned:1,unknown,,,,,0,not on the route and not in route_places.json — needs a human,,,,,,,
bundelcund,Bundelcund,10,3,mentioned:2 visited:1,unknown,,,,,0,not on the route and not in route_places.json — needs a human,,,,,,,
burdivan,Burdivan,10,1,mentioned:1,unknown,,,,,0,not on the route and not in route_places.json — needs a human,,,,,,,
burdwan,Burdwan,14,1,visited:1,unknown,,,,,0,not on the route and not in route_places.json — needs a human,,,,,,,
burhampoor,Burhampoor,10,2,mentioned:1 visited:1,unknown,,,,,0,not on the route and not in route_places.json — needs a human,,,,,,,
burlington gardens,Burlington Gardens,1,1,mentioned:1,micro,,london,,,0,part of the same address,,,,,,,
buxar,Buxar,14,1,visited:1,unknown,,,,,0,not on the route and not in route_places.json — needs a human,,,,,,,
cabin,cabin,7,2,on_stage:1 visited:1,unknown,,,,,0,not on the route and not in route_places.json — needs a human,,,,,,,
calais,Calais,4,1,mentioned:1,off_route,,,,,0,"ditto, the far side of the same crossing",,,,,,,
calcutta,Calcutta,3,9,mentioned:5 on_stage:2 visited:2,node,3,,,,1,names route node 3,,,,,,,
callyan,Callyan,11,1,visited:1,unknown,,,,,0,not on the route and not in route_places.json — needs a human,,,,,,,
cape of good hope,Cape of Good Hope,6,1,mentioned:1,unknown,,,,,0,not on the route and not in route_places.json — needs a human,,,,,,,
casi,Casi,14,1,mentioned:1,unknown,,,,,0,not on the route and not in route_places.json — needs a human,,,,,,,
ceylon,Ceylon,14,1,mentioned:1,unknown,,,,,0,not on the route and not in route_places.json — needs a human,,,,,,,
champs elysées,Champs Elysées,8,1,mentioned:1,unknown,,,,,0,not on the route and not in route_places.json — needs a human,,,,,,,
chandernagor,Chandernagor,10,2,mentioned:1 visited:1,unknown,,,,,0,not on the route and not in route_places.json — needs a human,,,,,,,
charing cross,Charing Cross,4,11,on_stage:10 visited:1,micro,,london,,,0,"the departure station — still inside London, so it does not move the pin",,,,,,,
chupenie,Chupenie,14,1,visited:1,unknown,,,,,0,not on the route and not in route_places.json — needs a human,,,,,,,
city,“City”,1,1,mentioned:1,unknown,,,,,0,not on the route and not in route_places.json — needs a human,,,,,,,
consul's office,consul’s office,7,5,on_stage:4 visited:1,unknown,,,,,0,not on the route and not in route_places.json — needs a human,,,,,,,
consulate,consulate,7,5,on_stage:3 visited:2,unknown,,,,,0,not on the route and not in route_places.json — needs a human,,,,,,,
continent,continent,10,1,mentioned:1,unknown,,,,,0,not on the route and not in route_places.json — needs a human,,,,,,,
copse,copse,13,1,visited:1,unknown,,,,,0,not on the route and not in route_places.json — needs a human,,,,,,,
court-room,court-room,15,19,on_stage:18 visited:1,unknown,,,,,0,not on the route and not in route_places.json — needs a human,,,,,,,
dover,Dover,3,2,mentioned:2,off_route,,,,,0,"named as the train's destination in chapter 4, but the crossing is not a stop the text lingers on; revisit if a later chapter puts anyone there",,,,,,,
egypt,Egypt,8,1,mentioned:1,unknown,,,,,0,not on the route and not in route_places.json — needs a human,,,,,,,
elephanta,Elephanta,10,1,mentioned:1,unknown,,,,,0,not on the route and not in route_places.json — needs a human,,,,,,,
ellora,Ellora,11,1,mentioned:1,unknown,,,,,0,not on the route and not in route_places.json — needs a human,,,,,,,
england,England,1,5,mentioned:5,off_route,,,,,0,"a country, named as the setting of the betting frenzy",,,,,,,
europe,Europe,5,2,mentioned:2,off_route,,,,,0,"a continent, named in a schedule estimate",,,,,,,
european town,“European town”,15,1,visited:1,unknown,,,,,0,not on the route and not in route_places.json — needs a human,,,,,,,
france,France,1,2,mentioned:2,off_route,,,,,0,a country the train crosses; Paris is the stop,,,,,,,
ganges,Ganges,10,2,mentioned:2,unknown,,,,,0,not on the route and not in route_places.json — needs a human,,,,,,,
ghazipur,Ghazipur,14,1,visited:1,unknown,,,,,0,not on the route and not in route_places.json — needs a human,,,,,,,
gibraltar of the indian ocean,Gibraltar of the Indian Ocean,9,1,mentioned:1,unknown,,,,,0,not on the route and not in route_places.json — needs a human,,,,,,,
glasgow,Glasgow,3,1,mentioned:1,off_route,,,,,0,named in chapter 3 as somewhere a rival route might go; the party never visits,,,,,,,
goa,Goa,9,1,mentioned:1,unknown,,,,,0,not on the route and not in route_places.json — needs a human,,,,,,,
golconda,Golconda,14,1,mentioned:1,unknown,,,,,0,not on the route and not in route_places.json — needs a human,,,,,,,
gour,Gour,14,1,visited:1,unknown,,,,,0,not on the route and not in route_places.json — needs a human,,,,,,,
greenwich,Greenwich,11,1,mentioned:1,unknown,,,,,0,not on the route and not in route_places.json — needs a human,,,,,,,
gulf of cambray,Gulf of Cambray,11,1,mentioned:1,unknown,,,,,0,not on the route and not in route_places.json — needs a human,,,,,,,
harbour,harbour,15,1,visited:1,unknown,,,,,0,not on the route and not in route_places.json — needs a human,,,,,,,
havre,Havre,3,1,mentioned:1,off_route,,,,,0,ditto — an alternative crossing Fogg does not take,,,,,,,
haymarket taverns,Haymarket taverns,2,1,mentioned:1,off_route,,,,,0,"a class of establishment, named as somewhere Fogg does not go",,,,,,,
headquarters of the bombay police,headquarters of the Bombay police,10,3,on_stage:2 visited:1,unknown,,,,,0,not on the route and not in route_places.json — needs a human,,,,,,,
himalaya,Himalaya,14,1,mentioned:1,unknown,,,,,0,not on the route and not in route_places.json — needs a human,,,,,,,
hong kong,Hong Kong,3,5,mentioned:5,node,4,,,,1,names route node 4,,,,,,,
house,house,3,2,on_stage:1 visited:1,micro,,london,,,0,chapter 3's word for Fogg's own house in Saville Row,,,,,,,
hugly,Hugly,14,1,visited:1,unknown,,,,,0,not on the route and not in route_places.json — needs a human,,,,,,,
hypogea,hypogea,10,1,mentioned:1,unknown,,,,,0,not on the route and not in route_places.json — needs a human,,,,,,,
india,India,5,5,mentioned:5,off_route,,,,,0,"a region the party crosses; Bombay, Allahabad and Calcutta are the stops",,,,,,,
indian ocean,Indian Ocean,9,1,visited:1,unknown,,,,,0,not on the route and not in route_places.json — needs a human,,,,,,,
indian peninsula,Indian peninsula,9,1,mentioned:1,unknown,,,,,0,not on the route and not in route_places.json — needs a human,,,,,,,
indus,Indus,10,1,mentioned:1,unknown,,,,,0,not on the route and not in route_places.json — needs a human,,,,,,,
island of salcette,Island of Salcette,11,1,visited:1,unknown,,,,,0,not on the route and not in route_places.json — needs a human,,,,,,,
japan,Japan,3,1,mentioned:1,off_route,,,,,0,"the parenthetical on Yokohama in the itinerary table, not a separate place",,,,,,,
jumna,Jumna,14,1,mentioned:1,unknown,,,,,0,not on the route and not in route_places.json — needs a human,,,,,,,
kandallah,Kandallah,11,1,mentioned:1,unknown,,,,,0,not on the route and not in route_places.json — needs a human,,,,,,,
kanherian grottoes,Kanherian grottoes,10,1,mentioned:1,unknown,,,,,0,not on the route and not in route_places.json — needs a human,,,,,,,
khandeish,Khandeish,11,1,visited:1,unknown,,,,,0,not on the route and not in route_places.json — needs a human,,,,,,,
kholby,Kholby,11,10,on_stage:9 visited:1,unknown,,,,,0,not on the route and not in route_places.json — needs a human,,,,,,,
liverpool,Liverpool,3,1,mentioned:1,waypoint,,,7,0.8,0,"where the arrest happens, between New York and London",,,,,,,
london,London,1,13,mentioned:12 visited:1,node,0;8,,,,2,names route nodes 0 and 8 — the route is a cycle,,,,,,,
london docks,London docks,1,1,mentioned:1,unknown,,,,,0,not on the route and not in route_places.json — needs a human,,,,,,,
madras,Madras,10,2,mentioned:2,unknown,,,,,0,not on the route and not in route_places.json — needs a human,,,,,,,
manchester,Manchester,14,1,mentioned:1,unknown,,,,,0,not on the route and not in route_places.json — needs a human,,,,,,,
milligaum,Milligaum,11,1,visited:1,unknown,,,,,0,not on the route and not in route_places.json — needs a human,,,,,,,
mocha,Mocha,9,1,visited:1,unknown,,,,,0,not on the route and not in route_places.json — needs a human,,,,,,,
modest-looking house,modest-looking house,15,1,visited:1,unknown,,,,,0,not on the route and not in route_places.json — needs a human,,,,,,,
monghir,Monghir,14,1,visited:1,unknown,,,,,0,not on the route and not in route_places.json — needs a human,,,,,,,
mongolia,‘Mongolia’,7,14,on_stage:11 visited:3,unknown,,,,,0,not on the route and not in route_places.json — needs a human,,,,,,,
mont cenis,Mont Cenis,3,2,mentioned:2,waypoint,,,0,0.4,0,named in the chapter-3 table's own via clause for leg 0,,,,,,,
murshedabad,Murshedabad,14,1,visited:1,unknown,,,,,0,not on the route and not in route_places.json — needs a human,,,,,,,
nassik,Nassik,11,1,visited:1,unknown,,,,,0,not on the route and not in route_places.json — needs a human,,,,,,,
new world,New World,6,1,mentioned:1,unknown,,,,,0,not on the route and not in route_places.json — needs a human,,,,,,,
new york,New York,3,2,mentioned:2,node,7,,,,1,names route node 7,,,,,,,
northern and the lyons stations,Northern and the Lyons stations,8,1,mentioned:1,unknown,,,,,0,not on the route and not in route_places.json — needs a human,,,,,,,
office,office,5,2,on_stage:1 visited:1,micro,,london,,,0,chapter 5's word for the commissioner's room at Scotland Yard,,,,,,,
pagoda,pagoda,14,6,on_stage:5 visited:1,unknown,,,,,0,not on the route and not in route_places.json — needs a human,,,,,,,
pagoda of malabar hill,pagoda of Malabar Hill,15,1,mentioned:1,unknown,,,,,0,not on the route and not in route_places.json — needs a human,,,,,,,
pagoda of pillaji,pagoda of Pillaji,13,6,mentioned:1 on_stage:4 visited:1,unknown,,,,,0,not on the route and not in route_places.json — needs a human,,,,,,,
pagoda on malabar hill,pagoda on Malabar Hill,10,4,on_stage:3 visited:1,unknown,,,,,0,not on the route and not in route_places.json — needs a human,,,,,,,
pall mall,Pall Mall,3,1,visited:1,micro,,london,,,0,the street the Reform Club stands on,,,,,,,
paris,Paris,1,6,mentioned:6,waypoint,,,0,0.2,0,chapter 4: the tickets are bought for Paris,,,,,,,
passport office,passport office,10,3,on_stage:2 visited:1,unknown,,,,,0,not on the route and not in route_places.json — needs a human,,,,,,,
patna,Patna,14,1,visited:1,unknown,,,,,0,not on the route and not in route_places.json — needs a human,,,,,,,
pauwell,Pauwell,11,1,visited:1,unknown,,,,,0,not on the route and not in route_places.json — needs a human,,,,,,,
pillaji,Pillaji,14,1,mentioned:1,unknown,,,,,0,not on the route and not in route_places.json — needs a human,,,,,,,
port said,Port Said,6,1,mentioned:1,unknown,,,,,0,not on the route and not in route_places.json — needs a human,,,,,,,
pounah,Pounah,11,1,mentioned:1,unknown,,,,,0,not on the route and not in route_places.json — needs a human,,,,,,,
père la chaise,Père la Chaise,8,1,mentioned:1,unknown,,,,,0,not on the route and not in route_places.json — needs a human,,,,,,,
quay,quay,7,10,on_stage:8 visited:2,unknown,,,,,0,not on the route and not in route_places.json — needs a human,,,,,,,
quays,quays,15,9,on_stage:8 visited:1,unknown,,,,,0,not on the route and not in route_places.json — needs a human,,,,,,,
railway station,railway station,10,3,on_stage:2 visited:1,unknown,,,,,0,not on the route and not in route_places.json — needs a human,,,,,,,
red sea,Red Sea,6,3,mentioned:1 visited:2,unknown,,,,,0,not on the route and not in route_places.json — needs a human,,,,,,,
reform club,Reform Club,2,11,mentioned:1 on_stage:8 visited:2,micro,,london,,,0,where the wager is made and settled,,,,,,,
regent street,Regent Street,14,1,mentioned:1,unknown,,,,,0,not on the route and not in route_places.json — needs a human,,,,,,,
rothal,Rothal,3,2,mentioned:1 visited:1,off_route,,,,,0,"this translation's spelling of a Great Indian Peninsula Railway station; no gazetteer entry, and the party never stops there",,,,,,,
salcette,Salcette,10,1,mentioned:1,unknown,,,,,0,not on the route and not in route_places.json — needs a human,,,,,,,
san francisco,San Francisco,3,2,mentioned:2,node,6,,,,1,names route node 6,,,,,,,
saville row,Saville Row,1,11,on_stage:8 visited:3,micro,,london,,,0,"Fogg's house; chapters 1, 2 and 4",,,,,,,
scotland yard,Scotland Yard,5,2,mentioned:2,micro,,london,,,0,where Rowan reads Fix's telegram,,,,,,,
shop,shop,8,4,on_stage:3 visited:1,unknown,,,,,0,not on the route and not in route_places.json — needs a human,,,,,,,
singapore,Singapore,7,1,mentioned:1,waypoint,,,3,0.5,0,the Rangoon calls there between Calcutta and Hong Kong,,,,,,,
station,station,10,15,on_stage:13 visited:2,unknown,,,,,0,not on the route and not in route_places.json — needs a human,,,,,,,
steamer point,Steamer Point,9,1,visited:1,unknown,,,,,0,not on the route and not in route_places.json — needs a human,,,,,,,
suez,Suez,3,11,mentioned:5 on_stage:3 visited:3,node,1,,,,1,names route node 1,,,,,,,
suez canal,Suez Canal,6,1,mentioned:1,unknown,,,,,0,not on the route and not in route_places.json — needs a human,,,,,,,
surat,Surat,11,1,mentioned:1,unknown,,,,,0,not on the route and not in route_places.json — needs a human,,,,,,,
sydenham,Sydenham,4,3,on_stage:2 visited:1,waypoint,,,0,0.05,0,"chapter 4: the train is already whirling through it, so this is where the voyage visibly begins",,,,,,,
tannah,Tannah,10,1,mentioned:1,unknown,,,,,0,not on the route and not in route_places.json — needs a human,,,,,,,
telegraph office,telegraph office,8,3,on_stage:2 visited:1,unknown,,,,,0,not on the route and not in route_places.json — needs a human,,,,,,,
the continent,the Continent,3,1,mentioned:1,off_route,,,,,0,"an idiom for mainland Europe, not a stop",,,,,,,
turin,Turin,7,1,mentioned:1,unknown,,,,,0,not on the route and not in route_places.json — needs a human,,,,,,,
united kingdom,United Kingdom,1,1,mentioned:1,off_route,,,,,0,"a country, named in chapter 1's description of Fogg",,,,,,,
united states,United States,5,1,mentioned:1,off_route,,,,,0,"a country, named in a list of where the detectives were sent",,,,,,,
valley of the ganges,valley of the Ganges,14,1,visited:1,unknown,,,,,0,not on the route and not in route_places.json — needs a human,,,,,,,
west end,West End,5,1,mentioned:1,micro,,london,,,0,"chapter 5's district, where the news spreads",,,,,,,
western ghauts,Western Ghauts,10,1,mentioned:1,unknown,,,,,0,not on the route and not in route_places.json — needs a human,,,,,,,
wood,wood,13,2,on_stage:1 visited:1,unknown,,,,,0,not on the route and not in route_places.json — needs a human,,,,,,,
yokohama,Yokohama,3,2,mentioned:2,node,5,,,,1,names route node 5,,,,,,,
