key,chapter,track,leg,along,at_node,place_name_in_text,source,stated_at_chapter,flags,evidence,confirmed,corrected_leg,corrected_along,note
01:fix,01,fix,,,,,unknown,,,,,,,
01:fogg,01,fogg,0,0.000,London,Saville Row,stated,01,unconfirmed_place,Phileas Fogg was seated squarely in his armchair,,,,
01:passepartout,01,passepartout,0,0.000,London,Saville Row,stated,01,unconfirmed_place,Passepartout remained alone in the house in Saville Row.,,,,
02:fix,02,fix,,,,,unknown,,,,,,,
02:fogg,02,fogg,0,0.000,London,,carried,01,,,,,,
02:passepartout,02,passepartout,0,0.000,London,Saville Row,stated,02,unconfirmed_place,"At half-past eleven, then, Passepartout found himself alone in the house in Saville Row.",,,,
03:fix,03,fix,,,,,unknown,,,,,,,
03:fogg,03,fogg,0,0.000,London,Reform Club,stated,03,unconfirmed_place,"reached the Reform Club, an imposing edifice in Pall Mall",,,,
03:passepartout,03,passepartout,0,0.000,London,,carried,02,,,,,,
04:fix,04,fix,,,,,unknown,,,,,,,
04:fogg,04,fogg,0,0.050,,Sydenham,stated,04,unconfirmed_place,"Just as the train was whirling through Sydenham, Passepartout suddenly uttered a cry of despair.

“What’s the matter?” asked Mr. Fogg.",,,,
04:passepartout,04,passepartout,0,0.050,,Sydenham,stated,04,unconfirmed_place,"Just as the train was whirling through Sydenham, Passepartout suddenly uttered a cry of despair.",,,,
05:fix,05,fix,,,,,unknown,,,,,,,
05:fogg,05,fogg,0,0.050,,,carried,04,,,,,,
05:passepartout,05,passepartout,0,0.050,,,carried,04,,,,,,
06:fix,06,fix,1,0.000,Suez,Suez,stated,06,unconfirmed_place,"This was Fix, one of the detectives",,,,
06:fogg,06,fogg,0,0.050,,,carried,04,,,,,,
06:passepartout,06,passepartout,0,0.050,,,carried,04,,,,,,
07:fix,07,fix,1,0.000,Suez,,carried,06,,,,,,
07:fogg,07,fogg,0,0.050,,,carried,04,on_stage_without_a_place,,,,,
07:passepartout,07,passepartout,0,0.050,,,carried,04,on_stage_without_a_place,,,,,
08:fix,08,fix,1,0.000,Suez,,carried,06,on_stage_without_a_place,,,,,
08:fogg,08,fogg,0,0.050,,,carried,04,,,,,,
08:passepartout,08,passepartout,0,0.050,,,carried,04,on_stage_without_a_place,,,,,
09:fix,09,fix,1,0.500,,Aden,stated,09,unconfirmed_place,"Fix, unobserved, followed them.",,,,
09:fogg,09,fogg,1,0.500,,Aden,stated,09,unconfirmed_place,Mr. Fogg and his servant went ashore at Aden to have the passport again visaed,,,,
09:passepartout,09,passepartout,1,0.500,,Aden,stated,09,unconfirmed_place,Mr. Fogg and his servant went ashore at Aden,,,,
10:fix,10,fix,2,0.000,Bombay,Bombay,inferred,10,unconfirmed_place inferred_from_places_visited,The passengers of the “Mongolia” went ashore at half-past four p.m.,,,,
10:fogg,10,fogg,2,0.000,Bombay,Bombay,stated,10,unconfirmed_place,"Mr. Fogg, after bidding good-bye to his whist partners, left the steamer",,,,
10:passepartout,10,passepartout,2,0.000,Bombay,Bombay,stated,10,unconfirmed_place,"Passepartout, however, had no sooner heard his master’s orders on leaving the “Mongolia”",,,,
11:fix,11,fix,2,0.000,Bombay,,carried,10,,,,,,
11:fogg,11,fogg,2,0.000,Bombay,Bombay,inferred,11,unconfirmed_place inferred_from_places_visited,An hour after leaving Bombay the train had passed the viaducts,,,,
11:passepartout,11,passepartout,2,0.000,Bombay,Bombay,inferred,11,unconfirmed_place inferred_from_places_visited,An hour after leaving Bombay the train had passed the viaducts,,,,
13:fix,13,fix,2,0.000,Bombay,,carried,10,,,,,,
13:fogg,13,fogg,2,0.000,Bombay,,carried,11,on_stage_without_a_place,,,,,
13:passepartout,13,passepartout,2,0.000,Bombay,,carried,11,on_stage_without_a_place,,,,,
14:fix,14,fix,2,0.000,Bombay,,carried,10,,,,,,
14:fogg,14,fogg,3,0.000,Calcutta,Calcutta,stated,14,unconfirmed_place,Calcutta was reached at seven in the morning... so that Phileas Fogg had five hours before him.,,,,
14:passepartout,14,passepartout,2,0.500,,Allahabad,stated,14,unconfirmed_place,Passepartout laughed gaily at his success.,,,,
15:fix,15,fix,2,0.000,Bombay,,carried,10,on_stage_without_a_place,,,,,
15:fogg,15,fogg,3,0.000,Calcutta,,carried,14,on_stage_without_a_place,,,,,
15:passepartout,15,passepartout,2,0.500,,,carried,14,on_stage_without_a_place,,,,,
